Workbook

Sheet Template
A1: R | C1: 月分
G2: 走行キロ(ｋｍ)
A3: 台数 | B3: 支社名 | C3: 車輌番号 | D3: 延実在 車輌数 | E3: 延実働 車輌数 | F3: 稼働率 | G3: 搬送回数 | H3: 有料キロ数 | I3: 無料キロ数 | J3: 総走行ｋｍ | K3: 運輸実績
A4: №1 | B4: ＣＨ富士吉田 | C4: 29 | D4: =DAY(EOMONTH(DATE(VALUE(MID($A$1,2,LEN($A$1)-1))+2018,$B$1,1),0)) -> #VALUE! | E4: 0 | F4: =IFERROR(E4/(D4*1),0) -> 0 | G4: 0 | H4: 0 | I4: 0 | J4: =SUM(Template[[#This Row],[有料キロ数]:[無料キロ数]]) -> 0 | K4: 0
A5: №2 | B5: ＣＨ富士吉田 | C5: 30 | D5: =DAY(EOMONTH(DATE(VALUE(MID($A$1,2,LEN($A$1)-1))+2018,$B$1,1),0)) -> #VALUE! | E5: 0 | F5: =IFERROR(E5/(D5*1),0) -> 0 | G5: 0 | H5: 0 | I5: 0 | J5: =SUM(Template[[#This Row],[有料キロ数]:[無料キロ数]]) -> 0 | K5: 0
A6: №3 | B6: ＣＨ富士吉田 | C6: 40 | D6: =DAY(EOMONTH(DATE(VALUE(MID($A$1,2,LEN($A$1)-1))+2018,$B$1,1),0)) -> #VALUE! | E6: 0 | F6: =IFERROR(E6/(D6*1),0) -> 0 | G6: 0 | H6: 0 | I6: 0 | J6: =SUM(Template[[#This Row],[有料キロ数]:[無料キロ数]]) -> 0 | K6: 0
A7: №4 | B7: ＣＨ富士吉田 | C7: 223 | D7: =DAY(EOMONTH(DATE(VALUE(MID($A$1,2,LEN($A$1)-1))+2018,$B$1,1),0)) -> #VALUE! | E7: 0 | F7: =IFERROR(E7/(D7*1),0) -> 0 | G7: 0 | H7: 0 | I7: 0 | J7: =SUM(Template[[#This Row],[有料キロ数]:[無料キロ数]]) -> 0 | K7: 0
A8: №5 | B8: CH大月 | C8: 1603 | D8: =DAY(EOMONTH(DATE(VALUE(MID($A$1,2,LEN($A$1)-1))+2018,$B$1,1),0)) -> #VALUE! | E8: 0 | F8: =IFERROR(E8/(D8*1),0) -> 0 | G8: 0 | H8: 0 | I8: 0 | J8: =SUM(Template[[#This Row],[有料キロ数]:[無料キロ数]]) -> 0 | K8: 0
A9: №6 | B9: CH大月 | C9: 2577 | D9: =DAY(EOMONTH(DATE(VALUE(MID($A$1,2,LEN($A$1)-1))+2018,$B$1,1),0)) -> #VALUE! | E9: 0 | F9: =IFERROR(E9/(D9*1),0) -> 0 | G9: 0 | H9: 0 | I9: 0 | J9: =SUM(Template[[#This Row],[有料キロ数]:[無料キロ数]]) -> 0 | K9: 0
A10: №7 | B10: ＣＨ東富士 | C10: 1381 | D10: =DAY(EOMONTH(DATE(VALUE(MID($A$1,2,LEN($A$1)-1))+2018,$B$1,1),0)) -> #VALUE! | E10: 0 | F10: =IFERROR(E10/(D10*1),0) -> 0 | G10: 0 | H10: 0 | I10: 0 | J10: =SUM(Template[[#This Row],[有料キロ数]:[無料キロ数]]) -> 0 | K10: 0
A11: №8 | B11: ＣＨ東富士 | C11: 1508 | D11: =DAY(EOMONTH(DATE(VALUE(MID($A$1,2,LEN($A$1)-1))+2018,$B$1,1),0)) -> #VALUE! | E11: 0 | F11: =IFERROR(E11/(D11*1),0) -> 0 | G11: 0 | H11: 0 | I11: 0 | J11: =SUM(Template[[#This Row],[有料キロ数]:[無料キロ数]]) -> 0 | K11: 0
A12: №9 | B12: 東日本 | C12: 1961 | D12: =DAY(EOMONTH(DATE(VALUE(MID($A$1,2,LEN($A$1)-1))+2018,$B$1,1),0)) -> #VALUE! | E12: 0 | F12: =IFERROR(E12/(D12*1),0) -> 0 | G12: 0 | H12: 0 | I12: 0 | J12: =SUM(Template[[#This Row],[有料キロ数]:[無料キロ数]]) -> 0 | K12: 0
A13: №10 | B13: 東日本 | C13: 2259 | D13: =DAY(EOMONTH(DATE(VALUE(MID($A$1,2,LEN($A$1)-1))+2018,$B$1,1),0)) -> #VALUE! | E13: 0 | F13: =IFERROR(E13/(D13*1),0) -> 0 | G13: 0 | H13: 0 | I13: 0 | J13: =SUM(Template[[#This Row],[有料キロ数]:[無料キロ数]]) -> 0 | K13: 0
A14: №11 | B14: 東日本 | C14: 2262 | D14: =DAY(EOMONTH(DATE(VALUE(MID($A$1,2,LEN($A$1)-1))+2018,$B$1,1),0)) -> #VALUE! | E14: 0 | F14: =IFERROR(E14/(D14*1),0) -> 0 | G14: 0 | H14: 0 | I14: 0 | J14: =SUM(Template[[#This Row],[有料キロ数]:[無料キロ数]]) -> 0 | K14: 0
A15: №12 | B15: 東日本 | C15: 2380 | D15: =DAY(EOMONTH(DATE(VALUE(MID($A$1,2,LEN($A$1)-1))+2018,$B$1,1),0)) -> #VALUE! | E15: 0 | F15: =IFERROR(E15/(D15*1),0) -> 0 | G15: 0 | H15: 0 | I15: 0 | J15: =SUM(Template[[#This Row],[有料キロ数]:[無料キロ数]]) -> 0 | K15: 0
A16: 合 計 | D16: =SUM(D4:D15) -> #VALUE! | E16: =SUM(E4:E15) -> 0 | F16: =IFERROR(E16/(D16*1),0) -> 0 | G16: =SUM(G4:G15) -> 0 | H16: =SUM(H4:H15) -> 0 | I16: =SUM(I4:I15) -> 0 | J16: =SUM(J4:J15) -> 0 | K16: =SUM(K4:K15) -> 0

Sheet 年間実績
A1: R#年#月～R#年#月 | E1: 株式会社アルス 搬送・霊柩車 年間実績
G2: 走行キロ(ｋｍ)
A3: 台数 | B3: 支社名 | C3: 車輌番号 | D3: 延実在 車輌数 | E3: 延実働 車輌数 | F3: 稼働率 | G3: 搬送回数 | H3: 有料キロ数 | I3: 無料キロ数 | J3: 総走行ｋｍ | K3: 運輸実績
A4: №1 | B4: ＣＨ富士吉田 | C4: 29 | D4: =SUM(Template!D4) -> #VALUE! | E4: =SUM(Template!E4) -> 0 | F4: =IFERROR(E4/(D4*1),0) -> 0 | G4: =SUM(Template!G4) -> 0 | H4: =SUM(Template!H4) -> 0 | I4: =SUM(Template!I4) -> 0 | J4: =SUM(H4,I4) -> 0 | K4: =SUM(Template!K4) -> 0
A5: №2 | B5: ＣＨ富士吉田 | C5: 30 | D5: =SUM(Template!D5) -> #VALUE! | E5: =SUM(Template!E5) -> 0 | F5: =IFERROR(E5/(D5*1),0) -> 0 | G5: =SUM(Template!G5) -> 0 | H5: =SUM(Template!H5) -> 0 | I5: =SUM(Template!I5) -> 0 | J5: =SUM(H5,I5) -> 0 | K5: =SUM(Template!K5) -> 0
A6: №3 | B6: ＣＨ富士吉田 | C6: 40 | D6: =SUM(Template!D6) -> #VALUE! | E6: =SUM(Template!E6) -> 0 | F6: =IFERROR(E6/(D6*1),0) -> 0 | G6: =SUM(Template!G6) -> 0 | H6: =SUM(Template!H6) -> 0 | I6: =SUM(Template!I6) -> 0 | J6: =SUM(H6,I6) -> 0 | K6: =SUM(Template!K6) -> 0
A7: №4 | B7: ＣＨ富士吉田 | C7: 223 | D7: =SUM(Template!D7) -> #VALUE! | E7: =SUM(Template!E7) -> 0 | F7: =IFERROR(E7/(D7*1),0) -> 0 | G7: =SUM(Template!G7) -> 0 | H7: =SUM(Template!H7) -> 0 | I7: =SUM(Template!I7) -> 0 | J7: =SUM(H7,I7) -> 0 | K7: =SUM(Template!K7) -> 0
A8: №5 | B8: ＣＨ大月 | C8: 1603 | D8: =SUM(Template!D8) -> #VALUE! | E8: =SUM(Template!E8) -> 0 | F8: =IFERROR(E8/(D8*1),0) -> 0 | G8: =SUM(Template!G8) -> 0 | H8: =SUM(Template!H8) -> 0 | I8: =SUM(Template!I8) -> 0 | J8: =SUM(H8,I8) -> 0 | K8: =SUM(Template!K8) -> 0
A9: №6 | B9: ＣＨ大月 | C9: 2577 | D9: =SUM(Template!D9) -> #VALUE! | E9: =SUM(Template!E9) -> 0 | F9: =IFERROR(E9/(D9*1),0) -> 0 | G9: =SUM(Template!G9) -> 0 | H9: =SUM(Template!H9) -> 0 | I9: =SUM(Template!I9) -> 0 | J9: =SUM(H9,I9) -> 0 | K9: =SUM(Template!K9) -> 0
A10: №7 | B10: ＣＨ東富士 | C10: 1105 | D10: =SUM(Template!D10) -> #VALUE! | E10: =SUM(Template!E10) -> 0 | F10: =IFERROR(E10/(D10*1),0) -> 0 | G10: =SUM(Template!G10) -> 0 | H10: =SUM(Template!H10) -> 0 | I10: =SUM(Template!I10) -> 0 | J10: =SUM(H10,I10) -> 0 | K10: =SUM(Template!K10) -> 0
A11: №8 | B11: ＣＨ東富士 | C11: 1381 | D11: =SUM(Template!D11) -> #VALUE! | E11: =SUM(Template!E11) -> 0 | F11: =IFERROR(E11/(D11*1),0) -> 0 | G11: =SUM(Template!G11) -> 0 | H11: =SUM(Template!H11) -> 0 | I11: =SUM(Template!I11) -> 0 | J11: =SUM(H11,I11) -> 0 | K11: =SUM(Template!K11) -> 0
A12: №9 | B12: ＣＨ東富士 | C12: 1508 | D12: =SUM(Template!D12) -> #VALUE! | E12: =SUM(Template!E12) -> 0 | F12: =IFERROR(E12/(D12*1),0) -> 0 | G12: =SUM(Template!G12) -> 0 | H12: =SUM(Template!H12) -> 0 | I12: =SUM(Template!I12) -> 0 | J12: =SUM(H12,I12) -> 0 | K12: =SUM(Template!K12) -> 0
A13: №10 | B13: 東日本 | C13: 2 | D13: =SUM(Template!D13) -> #VALUE! | E13: =SUM(Template!E13) -> 0 | F13: =IFERROR(E13/(D13*1),0) -> 0 | G13: =SUM(Template!G13) -> 0 | H13: =SUM(Template!H13) -> 0 | I13: =SUM(Template!I13) -> 0 | J13: =SUM(H13,I13) -> 0 | K13: =SUM(Template!K13) -> 0
A14: №11 | B14: 東日本 | C14: 1961 | D14: =SUM(Template!D14) -> #VALUE! | E14: =SUM(Template!E14) -> 0 | F14: =IFERROR(E14/(D14*1),0) -> 0 | G14: =SUM(Template!G14) -> 0 | H14: =SUM(Template!H14) -> 0 | I14: =SUM(Template!I14) -> 0 | J14: =SUM(H14,I14) -> 0 | K14: =SUM(Template!K14) -> 0
A15: №12 | B15: 東日本 | C15: 2259 | D15: =SUM(Template!D15) -> #VALUE! | E15: =SUM(Template!E15) -> 0 | F15: =IFERROR(E15/(D15*1),0) -> 0 | G15: =SUM(Template!G15) -> 0 | H15: =SUM(Template!H15) -> 0 | I15: =SUM(Template!I15) -> 0 | J15: =SUM(H15,I15) -> 0 | K15: =SUM(Template!K15) -> 0
... A17: №14 | B17: 東日本 | C17: 2380 | D17: =SUM(Template!D17) -> 0 | E17: =SUM(Template!E17) -> 0 | F17: =IFERROR(E17/(D17*1),0) -> 0 | G17: =SUM(Template!G17) -> 0 | H17: =SUM(Template!H17) -> 0 | I17: =SUM(Template!I17) -> 0 | J17: =SUM(H17,I17) -> 0 | K17: =SUM(Template!K17) -> 0
A18: 合 計 | D18: =SUM(D4:D17) -> #VALUE! | E18: =SUM(E4:E17) -> 0 | F18: =IFERROR(E18/(D18*1),0) -> 0 | G18: =SUM(G4:G17) -> 0 | H18: =SUM(H4:H17) -> 0 | I18: =SUM(I4:I17) -> 0 | J18: =SUM(J4:J17) -> 0 | K18: =SUM(K4:K17) -> 0
