Workbook

Sheet 月間集計
A1: ='CH富士吉田 寝台車 29'!A1 | B1: ='CH富士吉田 寝台車 29'!B1 | C1: 月分
G2: 走行キロ(ｋｍ)
A3: 台数 | B3: 支社名 | C3: 車輌番号 | D3: 延実在 車輌数 | E3: 延実働 車輌数 | F3: 稼働率 | G3: 搬送回数 | H3: 有料キロ数 | I3: 無料キロ数 | J3: 総走行ｋｍ | K3: 運輸実績
A4: №1 | B4: ＣＨ富士吉田 | C4: 29 | D4: ='CH富士吉田 寝台車 29'!D6 | E4: ='CH富士吉田 寝台車 29'!$E$6 | F4: =IFERROR(E4/D4,0) | G4: ='CH富士吉田 寝台車 29'!G6 | H4: ='CH富士吉田 寝台車 29'!$H$6 | I4: ='CH富士吉田 寝台車 29'!$I$6 | J4: =SUM(H4:I4) | K4: ='CH富士吉田 寝台車 29'!K6
A5: №2 | B5: ＣＨ富士吉田 | C5: 30 | D5: =$D$4 | E5: ='CH富士吉田 寝台車 30'!$E$6 | F5: =IFERROR(E5/D5,0) | G5: ='CH富士吉田 寝台車 30'!G6 | H5: ='CH富士吉田 寝台車 30'!H6 | I5: ='CH富士吉田 寝台車 30'!I6 | J5: =SUM(H5:I5) | K5: ='CH富士吉田 寝台車 30'!K6
A6: №7 | B6: CH富士吉田 | C6: 40 | D6: =$D$4 | E6: ='CH富士吉田 霊柩車 40'!E6 | F6: =IFERROR(E6/D6,0) | G6: ='CH富士吉田 霊柩車 40'!G6 | H6: ='CH富士吉田 霊柩車 40'!H6 | I6: ='CH富士吉田 霊柩車 40'!I6 | J6: =SUM(H6:I6) | K6: ='CH富士吉田 霊柩車 40'!K6
A7: №8 | B7: CH富士吉田 | C7: 223 | D7: =$D$4 | E7: ='CH富士吉田 霊柩車 223'!E6 | F7: =IFERROR(E7/D7,0) | G7: ='CH富士吉田 霊柩車 223'!G6 | H7: ='CH富士吉田 霊柩車 223'!H6 | I7: ='CH富士吉田 霊柩車 223'!I6 | J7: =SUM(H7:I7) | K7: ='CH富士吉田 霊柩車 223'!K6
A8: №3 | B8: CH大月 | C8: 1603 | D8: =$D$4 | E8: ='CH大月 寝台車 1603'!E6 | F8: =IFERROR(E8/D8,0) | G8: ='CH大月 寝台車 1603'!G6 | H8: ='CH大月 寝台車 1603'!H6 | I8: ='CH大月 寝台車 1603'!I6 | J8: =SUM(H8:I8) | K8: ='CH大月 寝台車 1603'!K6
A9: №4 | B9: CH大月 | C9: 2577 | D9: =$D$4 | E9: ='CH大月 霊柩車 2577'!E6 | F9: =IFERROR(E9/D9,0) | G9: ='CH大月 霊柩車 2577'!G6 | H9: ='CH大月 霊柩車 2577'!H6 | I9: ='CH大月 霊柩車 2577'!I6 | J9: =SUM(H9:I9) | K9: ='CH大月 霊柩車 2577'!K6
A10: №5 | B10: ＣＨ東富士 | C10: 1105 | D10: =$D$4 | E10: ='CH東富士 寝台車 1508'!E6 | F10: =IFERROR(E10/D10,0) | G10: ='CH東富士 寝台車 1508'!G6 | H10: ='CH東富士 寝台車 1508'!H6 | I10: ='CH東富士 寝台車 1508'!I6 | J10: =SUM(H10:I10) | K10: ='CH東富士 寝台車 1508'!K6
A11: №6 | B11: ＣＨ東富士 | C11: 1381 | D11: =$D$4 | E11: ='CH東富士 霊柩車 1381'!E6 | F11: =IFERROR(E11/D11,0) | G11: ='CH東富士 霊柩車 1381'!G6 | H11: ='CH東富士 霊柩車 1381'!H6 | I11: ='CH東富士 霊柩車 1381'!I6 | J11: =SUM(H11:I11) | K11: ='CH東富士 霊柩車 1381'!K6
A12: №10 | B12: 東日本セレモニー | C12: 1961 | D12: =$D$4 | E12: ='東日本セレモニー 1961'!E6 | F12: =IFERROR(E12/D12,0) | G12: ='東日本セレモニー 1961'!G6 | H12: ='東日本セレモニー 1961'!H6 | I12: ='東日本セレモニー 1961'!I6 | J12: =SUM(H12:I12) | K12: ='東日本セレモニー 1961'!K6
A13: №11 | B13: 東日本セレモニー | C13: 2259 | D13: =$D$4 | E13: ='東日本セレモニー 2259'!E6 | F13: =IFERROR(E13/D13,0) | G13: ='東日本セレモニー 2259'!G6 | H13: ='東日本セレモニー 2259'!H6 | I13: ='東日本セレモニー 2259'!I6 | J13: =SUM(H13:I13) | K13: ='東日本セレモニー 2259'!K6
A14: №12 | B14: 東日本セレモニー | C14: 2262 | D14: =$D$4 | E14: ='東日本セレモニー 2262'!E6 | F14: =IFERROR(E14/D14,0) | G14: ='東日本セレモニー 2262'!G6 | H14: ='東日本セレモニー 2262'!H6 | I14: ='東日本セレモニー 2262'!I6 | J14: =SUM(H14:I14) | K14: ='東日本セレモニー 2262'!K6
A15: №13 | B15: 東日本セレモニー | C15: 2380 | D15: =$D$4 | E15: ='東日本セレモニー 2380'!E6 | F15: =IFERROR(E15/D15,0) | G15: ='東日本セレモニー 2380'!G6 | H15: ='東日本セレモニー 2380'!H6 | I15: ='東日本セレモニー 2380'!I6 | J15: =SUM(H15:I15) | K15: ='東日本セレモニー 2380'!K6
A16: 合 計 | D16: =SUM(D4:D15) | E16: =SUM(E4:E15) | F16: =IFERROR(E16/D16,0) | G16: =SUM(G4:G15) | H16: =SUM(H4:H15) | I16: =SUM(I4:I15) | J16: =SUM(J4:J15) | K16: =SUM(K4:K15)

Sheet CH富士吉田 寝台車 29
A1: 0 | B1: 0 | C1: 月分
G2: 走行キロ(ｋｍ)
A3: 台数 | B3: 支社名 | C3: 車輌番号 | D3: 延実在 車輌数 | E3: 延実働 車輌数 | F3: 稼働率 | G3: 搬送回数 | H3: 有料キロ数 | I3: 無料キロ数 | J3: 総走行ｋｍ | K3: 運輸実績
A4: 1 | B4: CH富士吉田 | C4: 29 | D4: =DAY(EOMONTH(DATE(VALUE(MID(A1,2,LEN(A1)-1))+2018,B1,1),0)) | F4: =E4/D4 | J4: =SUM(H4:I4)
A6: 合 計 | D6: =SUM(D4:D5) | E6: =SUM(E4:E5) | F6: =E6/D6 | G6: =SUM(G4:G5) | H6: =SUM(H4:H5) | I6: =SUM(I4:I5) | J6: =SUM(J4:J5) | K6: =SUM(K4:K5)

Sheet CH富士吉田 寝台車 30
A1: ='CH富士吉田 寝台車 29'!A1 | B1: ='CH富士吉田 寝台車 29'!B1 | C1: 月分
G2: 走行キロ(ｋｍ)
A3: 台数 | B3: 支社名 | C3: 車輌番号 | D3: 延実在 車輌数 | E3: 延実働 車輌数 | F3: 稼働率 | G3: 搬送回数 | H3: 有料キロ数 | I3: 無料キロ数 | J3: 総走行ｋｍ | K3: 運輸実績
A4: 1 | B4: CH富士吉田 | C4: 30 | D4: =寝台車_29[[#This Row],[延実在 車輌数]] | F4: =E4/D4 | J4: =SUM(H4:I4)
A6: 合 計 | D6: =SUM(D4:D5) | E6: =SUM(E4:E5) | F6: =E6/D6 | G6: =SUM(G4:G5) | H6: =SUM(H4:H5) | I6: =SUM(I4:I5) | J6: =SUM(J4:J5) | K6: =SUM(K4:K5)

Sheet CH富士吉田 霊柩車 40
A1: ='CH富士吉田 寝台車 29'!A1 | B1: ='CH富士吉田 寝台車 29'!B1 | C1: 月分
G2: 走行キロ(ｋｍ)
A3: 台数 | B3: 支社名 | C3: 車輌番号 | D3: 延実在 車輌数 | E3: 延実働 車輌数 | F3: 稼働率 | G3: 搬送回数 | H3: 有料キロ数 | I3: 無料キロ数 | J3: 総走行ｋｍ | K3: 運輸実績
A4: 1 | B4: CH富士吉田 | C4: 40 | D4: =寝台車_29[[#This Row],[延実在 車輌数]] | F4: =E4/D4 | J4: =SUM(H4:I4)
A6: 合 計 | D6: =SUM(D4:D5) | E6: =SUM(E4:E5) | F6: =E6/D6 | G6: =SUM(G4:G5) | H6: =SUM(H4:H5) | I6: =SUM(I4:I5) | J6: =SUM(J4:J5) | K6: =SUM(K4:K5)

Sheet CH富士吉田 霊柩車 223
A1: ='CH富士吉田 寝台車 29'!A1 | B1: ='CH富士吉田 寝台車 29'!B1 | C1: 月分
G2: 走行キロ(ｋｍ)
A3: 台数 | B3: 支社名 | C3: 車輌番号 | D3: 延実在 車輌数 | E3: 延実働 車輌数 | F3: 稼働率 | G3: 搬送回数 | H3: 有料キロ数 | I3: 無料キロ数 | J3: 総走行ｋｍ | K3: 運輸実績
A4: 1 | B4: CH富士吉田 | C4: 223 | D4: =寝台車_29[[#This Row],[延実在 車輌数]] | F4: =E4/D4 | J4: =SUM(H4:I4)
A6: 合 計 | D6: =SUM(D4:D5) | E6: =SUM(E4:E5) | F6: =E6/D6 | G6: =SUM(G4:G5) | H6: =SUM(H4:H5) | I6: =SUM(I4:I5) | J6: =SUM(J4:J5) | K6: =SUM(K4:K5)

Sheet CH大月 寝台車 1603
A1: ='CH富士吉田 寝台車 29'!A1 | B1: ='CH富士吉田 寝台車 29'!B1 | C1: 月分
G2: 走行キロ(ｋｍ)
A3: 台数 | B3: 支社名 | C3: 車輌番号 | D3: 延実在 車輌数 | E3: 延実働 車輌数 | F3: 稼働率 | G3: 搬送回数 | H3: 有料キロ数 | I3: 無料キロ数 | J3: 総走行ｋｍ | K3: 運輸実績
A4: 1 | B4: ＣＨ大月 | C4: 1603 | D4: =寝台車_29[[#This Row],[延実在 車輌数]] | F4: =E4/D4 | J4: =SUM(H4:I4)
A6: 合 計 | D6: =SUM(D4:D5) | E6: =SUM(E4:E5) | F6: =E6/D6 | G6: =SUM(G4:G5) | H6: =SUM(H4:H5) | I6: =SUM(I4:I5) | J6: =SUM(J4:J5) | K6: =SUM(K4:K5)

Sheet CH大月 霊柩車 2577
A1: ='CH富士吉田 寝台車 29'!A1 | B1: ='CH富士吉田 寝台車 29'!B1 | C1: 月分
G2: 走行キロ(ｋｍ)
A3: 台数 | B3: 支社名 | C3: 車輌番号 | D3: 延実在 車輌数 | E3: 延実働 車輌数 | F3: 稼働率 | G3: 搬送回数 | H3: 有料キロ数 | I3: 無料キロ数 | J3: 総走行ｋｍ | K3: 運輸実績
A4: 1 | B4: ＣＨ大月 | C4: 1603 | D4: =寝台車_29[[#This Row],[延実在 車輌数]] | F4: =E4/D4 | J4: =SUM(H4:I4)
A6: 合 計 | D6: =SUM(D4:D5) | E6: =SUM(E4:E5) | F6: =E6/D6 | G6: =SUM(G4:G5) | H6: =SUM(H4:H5) | I6: =SUM(I4:I5) | J6: =SUM(J4:J5) | K6: =SUM(K4:K5)

Sheet CH東富士 霊柩車 1381
A1: ='CH富士吉田 寝台車 29'!A1 | B1: ='CH富士吉田 寝台車 29'!B1 | C1: 月分
G2: 走行キロ(ｋｍ)
A3: 台数 | B3: 支社名 | C3: 車輌番号 | D3: 延実在 車輌数 | E3: 延実働 車輌数 | F3: 稼働率 | G3: 搬送回数 | H3: 有料キロ数 | I3: 無料キロ数 | J3: 総走行ｋｍ | K3: 運輸実績
A4: 1 | B4: ＣＨ東富士 | C4: 1381 | D4: =寝台車_29[[#This Row],[延実在 車輌数]] | F4: =E4/D4 | J4: =SUM(H4:I4)
A6: 合 計 | D6: =SUM(D4:D5) | E6: =SUM(E4:E5) | F6: =E6/D6 | G6: =SUM(G4:G5) | H6: =SUM(H4:H5) | I6: =SUM(I4:I5) | J6: =SUM(J4:J5) | K6: =SUM(K4:K5)

Sheet CH東富士 寝台車 1508
A1: ='CH富士吉田 寝台車 29'!A1 | B1: ='CH富士吉田 寝台車 29'!B1 | C1: 月分
G2: 走行キロ(ｋｍ)
A3: 台数 | B3: 支社名 | C3: 車輌番号 | D3: 延実在 車輌数 | E3: 延実働 車輌数 | F3: 稼働率 | G3: 搬送回数 | H3: 有料キロ数 | I3: 無料キロ数 | J3: 総走行ｋｍ | K3: 運輸実績
A4: 1 | B4: ＣＨ東富士 | C4: 1105 | D4: =寝台車_29[[#This Row],[延実在 車輌数]] | F4: =E4/D4 | J4: =SUM(H4:I4)
A6: 合 計 | D6: =SUM(D4:D5) | E6: =SUM(E4:E5) | F6: =E6/D6 | G6: =SUM(G4:G5) | H6: =SUM(H4:H5) | I6: =SUM(I4:I5) | J6: =SUM(J4:J5) | K6: =SUM(K4:K5)

Sheet 東日本セレモニー 1961
A1: ='CH富士吉田 寝台車 29'!A1 | B1: ='CH富士吉田 寝台車 29'!B1 | C1: 月分
G2: 走行キロ(ｋｍ)
A3: 台数 | B3: 支社名 | C3: 車輌番号 | D3: 延実在 車輌数 | E3: 延実働 車輌数 | F3: 稼働率 | G3: 搬送回数 | H3: 有料キロ数 | I3: 無料キロ数 | J3: 総走行ｋｍ | K3: 運輸実績
A4: 1 | B4: 東日本 | C4: 1961 | D4: =寝台車_29[[#This Row],[延実在 車輌数]] | F4: =E4/D4 | J4: =SUM(H4:I4)
A6: 合 計 | D6: =SUM(D4:D5) | E6: =SUM(E4:E5) | F6: =E6/D6 | G6: =SUM(G4:G5) | H6: =SUM(H4:H5) | I6: =SUM(I4:I5) | J6: =SUM(J4:J5) | K6: =SUM(K4:K5)

Sheet 東日本セレモニー 2259
A1: ='CH富士吉田 寝台車 29'!A1 | B1: ='CH富士吉田 寝台車 29'!B1 | C1: 月分
G2: 走行キロ(ｋｍ)
A3: 台数 | B3: 支社名 | C3: 車輌番号 | D3: 延実在 車輌数 | E3: 延実働 車輌数 | F3: 稼働率 | G3: 搬送回数 | H3: 有料キロ数 | I3: 無料キロ数 | J3: 総走行ｋｍ | K3: 運輸実績
A4: 1 | B4: 東日本 | C4: 2259 | D4: =寝台車_29[[#This Row],[延実在 車輌数]] | F4: =E4/D4 | J4: =SUM(H4:I4)
A6: 合 計 | D6: =SUM(D4:D5) | E6: =SUM(E4:E5) | F6: =E6/D6 | G6: =SUM(G4:G5) | H6: =SUM(H4:H5) | I6: =SUM(I4:I5) | J6: =SUM(J4:J5) | K6: =SUM(K4:K5)

Sheet 東日本セレモニー 2262
A1: ='CH富士吉田 寝台車 29'!A1 | B1: ='CH富士吉田 寝台車 29'!B1 | C1: 月分
G2: 走行キロ(ｋｍ)
A3: 台数 | B3: 支社名 | C3: 車輌番号 | D3: 延実在 車輌数 | E3: 延実働 車輌数 | F3: 稼働率 | G3: 搬送回数 | H3: 有料キロ数 | I3: 無料キロ数 | J3: 総走行ｋｍ | K3: 運輸実績
A4: 1 | B4: 東日本 | C4: 2262 | D4: =寝台車_29[[#This Row],[延実在 車輌数]] | F4: =E4/D4 | J4: =SUM(H4:I4)
A6: 合 計 | D6: =SUM(D4:D5) | E6: =SUM(E4:E5) | F6: =E6/D6 | G6: =SUM(G4:G5) | H6: =SUM(H4:H5) | I6: =SUM(I4:I5) | J6: =SUM(J4:J5) | K6: =SUM(K4:K5)

Sheet 東日本セレモニー 2380
A1: ='CH富士吉田 寝台車 29'!A1 | B1: ='CH富士吉田 寝台車 29'!B1 | C1: 月分
G2: 走行キロ(ｋｍ)
A3: 台数 | B3: 支社名 | C3: 車輌番号 | D3: 延実在 車輌数 | E3: 延実働 車輌数 | F3: 稼働率 | G3: 搬送回数 | H3: 有料キロ数 | I3: 無料キロ数 | J3: 総走行ｋｍ | K3: 運輸実績
A4: 1 | B4: 東日本 | C4: 2380 | D4: =寝台車_29[[#This Row],[延実在 車輌数]] | F4: =E4/D4 | J4: =SUM(H4:I4)
A6: 合 計 | D6: =SUM(D4:D5) | E6: =SUM(E4:E5) | F6: =E6/D6 | G6: =SUM(G4:G5) | H6: =SUM(H4:H5) | I6: =SUM(I4:I5) | J6: =SUM(J4:J5) | K6: =SUM(K4:K5)

Sheet Template
A1: ='CH富士吉田 寝台車 29'!A1 | B1: ='CH富士吉田 寝台車 29'!B1 | C1: 月分
G2: 走行キロ(ｋｍ)
A3: 台数 | B3: 支社名 | C3: 車輌番号 | D3: 延実在 車輌数 | E3: 延実働 車輌数 | F3: 稼働率 | G3: 搬送回数 | H3: 有料キロ数 | I3: 無料キロ数 | J3: 総走行ｋｍ | K3: 運輸実績
A4: 1 | D4: =DAY(EOMONTH(DATE(VALUE(MID(A1,2,LEN(A1)-1))+2018,B1,1),0)) | F4: =E4/D4 | J4: =SUM(H4:I4)
A6: 合 計 | D6: =SUM(D4:D5) | E6: =SUM(E4:E5) | F6: =E6/D6 | G6: =SUM(G4:G5) | H6: =SUM(H4:H5) | I6: =SUM(I4:I5) | J6: =SUM(J4:J5) | K6: =SUM(K4:K5)
